Unique ID,District Name,School Name,State-Physical,County,City,Zip Code,Street Address-Line 1,Street Address-Line 2,School Level-Original,School Type-Original,CEP (Y/N),Provision 1 (Y/N),Provision 2 (Y/N),Provision 3 (Y/N),Universal Free (Y/N),Claim Date,Claim Month,Claim Year,Enrollment-Total,Enrollment-Paid,Enrollment-Free,Enrollment-Reduced,Enrollment-Free and Reduced,Lunch Meals-Free,Lunch Meals-Reduced,Lunch Meals-Paid,Lunch Meals-Free and Reduced,Breakfast Meals-Free,Breakfast Meals-Reduced,Breakfast Meals-Paid,Breakfast Meals-Free and Reduced,Operating Days,Operating Days-Breakfast Only,Operating Days-Lunch Only,Breakfast Delivery Model from Campaign Tracking Data-Original,Breakfast Delivery Model from State Agency Tracking-Original,Breakfast Delivery Model from Other Source-Original,"Breakfast Delivery Model from Other Source, Note Source Here",BAB Implementation Date from Campaign Tracking Data,BAB Implementation Date from State Agency Tracking,BAB Implementation Date from Other Source,"BAB Implementation Date Other Source, Note Source Here",State-Reporting,FR Lunch Meals,FR Lunch ADP,FR Breakfast Meals,FR Breakfast ADP,NCES ID,School Year,Target Area,FR Enrollment,FR Enrollment Percentage,School Level-Standardized,School Type-Standardized,Breakfast Delivery Model from Grants Data-Standardized,Breakfast Delivery Model from Innovations Data-Standardized,Breakfast Delivery Model from Campaign Tracking Data-Standardized,Breakfast Delivery Model from State Agency Tracking-Standardized,Breakfast Delivery Model from Other Source-Standardized,BAB Implementation Date from Grants Data,District ID,School ID
DE@SD1@GD319,Academia Antonia Alonso,Academia,,,,,,,,,Y,,,,,10/1/2016,10,2016,415,,388,,,,,,7787,,,,7081,,21,21,,GNG,,,,,,,DE,7787,370.809523810,7081,337.190476190,,SY16-17,,,,,,,,,GNG,,,GD319,SD1
DE@SD2@GD320,Academy of Dover,Academy of Dover Charter,,,,,,,,,Y,,,,,10/1/2016,10,2016,249,,249,0,,,,,4322,,,,3814,,20,20,,,,,,,,,DE,4322,216.1,3814,190.7,,SY16-17,,249,,,,,,,,,,GD320,SD2
DE@SD12@GD321,Appoquinimink,Middletown High,,,,,,,,,,,,,,10/1/2016,10,2016,1508,,333,47,,,,,4015,,,,1140,,18,18,,,,,,,,,DE,4015,223.055555556,1140,63.333333333,,SY16-17,,380,,,,,,,,,,GD321,SD12
DE@SD4@GD321,Appoquinimink,Appoquinimink High,,,,,,,,,,,,,,10/1/2016,10,2016,1636,,305,55,,,,,3811,,,,1447,,18,19,,,,,,,,,DE,3811,200.578947368,1447,80.388888889,,SY16-17,,360,,,,,,,,,,GD321,SD4
DE@SD10@GD321,Appoquinimink,Everett Meredith Middle,,,,,,,,,,,,,,10/1/2016,10,2016,865,,253,28,,,,,3373,,,,666,,19,18,,,,,,,,,DE,3373,187.388888889,666,35.052631579,,SY16-17,,281,,,,,,,,,,GD321,SD10
DE@SD11@GD321,Appoquinimink,Louis L. Redding Middle,,,,,,,,,,,,,,10/1/2016,10,2016,849,,236,37,,,,,3581,,,,1120,,18,19,,,,,,,,,DE,3581,188.473684211,1120,62.222222222,,SY16-17,,273,,,,,,,,,,GD321,SD11
DE@SD3@GD321,Appoquinimink,Alfred G. Waters Middle,,,,,,,,,,,,,,10/1/2016,10,2016,967,,98,17,,,,,1264,,,,179,,19,19,,,,,,,,,DE,1264,66.526315789,179,9.421052632,,SY16-17,,115,,,,,,,,,,GD321,SD3
DE@SD15@GD321,Appoquinimink,Silver Lake Elementary,,,,,,,,,,,,,,10/1/2016,10,2016,505,,206,21,,,,,3289,,,,1457,,19,18,,,,,,,,,DE,3289,182.722222222,1457,76.684210526,,SY16-17,,227,,,,,,,,,,GD321,SD15
DE@SD9@GD321,Appoquinimink,Cedar Lane Elementary,,,,,,,,,,,,,,10/1/2016,10,2016,706,,91,17,,,,,1287,,,,576,,19,19,,,,,,,,,DE,1287,67.736842105,576,30.315789474,,SY16-17,,108,,,,,,,,,,GD321,SD9
DE@SD14@GD321,Appoquinimink,Olive B. Loss Elementary,,,,,,,,,,,,,,10/1/2016,10,2016,631,,66,9,,,,,892,,,,418,,19,18,,,,,,,,,DE,892,49.555555556,418,22,,SY16-17,,75,,,,,,,,,,GD321,SD14
DE@SD6@GD321,Appoquinimink,Brick Mill Elementary,,,,,,,,,,,,,,10/1/2016,10,2016,523,,181,23,,,,,2769,,,,1765,,19,19,,,,,,,,,DE,2769,145.736842105,1765,92.894736842,,SY16-17,,204,,,,,,,,,,GD321,SD6
DE@SD7@GD321,Appoquinimink,Bunker Hill Elementary,,,,,,,,,,,,,,10/1/2016,10,2016,575,,164,24,,,,,2473,,,,1149,,18,19,,,,,,,,,DE,2473,130.157894737,1149,63.833333333,,SY16-17,,188,,,,,,,,,,GD321,SD7
DE@SD13@GD321,Appoquinimink,Old State Elementary,,,,,,,,,,,,,,10/1/2016,10,2016,669,,136,15,,,,,1936,,,,703,,19,18,,,,,,,,,DE,1936,107.555555556,703,37,,SY16-17,,151,,,,,,,,,,GD321,SD13
DE@SD18@GD321,Appoquinimink,Townsend Elementary,,,,,,,,,,,,,,10/1/2016,10,2016,408,,139,8,,,,,1946,,,,591,,19,19,,,,,,,,,DE,1946,102.421052632,591,31.105263158,,SY16-17,,147,,,,,,,,,,GD321,SD18
DE@SD8@GD321,Appoquinimink,Cedar Lane ECC,,,,,,,,,,,,,,10/1/2016,10,2016,237,,40,6,,,,,558,,,,200,,19,19,,,,,,,,,DE,558,29.368421053,200,10.526315789,,SY16-17,,46,,,,,,,,,,GD321,SD8
DE@SD16@GD321,Appoquinimink,Spring Meadow ECC,,,,,,,,,,,,,,10/1/2016,10,2016,236,,46,6,,,,,608,,,,347,,18,18,,,,,,,,,DE,608,33.777777778,347,19.277777778,,SY16-17,,52,,,,,,,,,,GD321,SD16
DE@SD17@GD321,Appoquinimink,Townsend ECC,,,,,,,,,,,,,,10/1/2016,10,2016,234,,75,4,,,,,1043,,,,403,,19,19,,,,,,,,,DE,1043,54.894736842,403,21.210526316,,SY16-17,,79,,,,,,,,,,GD321,SD17
DE@SD5@GD321,Appoquinimink,Appoquinimink Preschool,,,,,,,,,,,,,,10/1/2016,10,2016,175,,28,1,,,,,200,,,,0,,0,19,,,,,,,,,DE,200,10.526315789,0,,,SY16-17,,29,,,,,,,,,,GD321,SD5
DE@SD19@GD322,Aspira,Las Americas ASPIRA,,,,,,,,,,,,,,10/1/2016,10,2016,698,,274,46,,,,,4353,,,,1985,,20,20,,GNG,,,,,,,DE,4353,217.65,1985,99.25,,SY16-17,,320,,,,,,,GNG,,,GD322,SD19
DE@SD27@GD323,Branywine,Hanby Elementary,,,,,,,,,,,,,,10/1/2016,10,2016,542,,145,8,,,,,2156,,,,1349,,17,17,,GNG,,,,,,,DE,2156,126.823529412,1349,79.352941176,,SY16-17,,153,,,,,,,GNG,,,GD323,SD27
DE@SD22@GD323,Branywine,Carrcroft Elementary,,,,,,,,,Y,,,,,10/1/2016,10,2016,497,,0,0,,,,,4623,,,,3495,,17,16,,GNG,,,,,,,DE,4623,288.9375,3495,205.588235294,,SY16-17,,0,,,,,,,GNG,,,GD323,SD22
DE@SD26@GD323,Branywine,Forwood Elementary,,,,,,,,,,,,,,10/1/2016,10,2016,365,,119,13,,,,,1868,,,,512,,17,16,,,,,,,,,DE,1868,116.75,512,30.117647059,,SY16-17,,132,,,,,,,,,,GD323,SD26
DE@SD29@GD323,Branywine,Lancashire Elementary,,,,,,,,,,,,,,10/1/2016,10,2016,512,,149,31,,,,,2448,,,,781,,16,17,,,,,,,,,DE,2448,144,781,48.8125,,SY16-17,,180,,,,,,,,,,GD323,SD29
DE@SD30@GD323,Branywine,Lombardy Elementary,,,,,,,,,,,,,,10/1/2016,10,2016,501,,161,7,,,,,2428,,,,1522,,17,17,,GNG,,,,,,,DE,2428,142.823529412,1522,89.529411765,,SY16-17,,168,,,,,,,GNG,,,GD323,SD30
DE@SD31@GD323,Branywine,Maple Lane Elementary,,,,,,,,,Y,,,,,10/1/2016,10,2016,442,,0,0,,,,,3689,,,,1799,,15,15,,GNG,,,,,,,DE,3689,245.933333333,1799,119.933333333,,SY16-17,,0,,,,,,,GNG,,,GD323,SD31
DE@SD23@GD323,Branywine,Claymont Elementary,,,,,,,,,Y,,,,,10/1/2016,10,2016,826,,0,0,,,,,8215,,,,3333,,16,17,,,,,,,,,DE,8215,483.235294118,3333,208.3125,,SY16-17,,0,,,,,,,,,,GD323,SD23
DE@SD28@GD323,Branywine,Harlan Elementary,,,,,,,,,Y,,,,,10/1/2016,10,2016,345,,0,0,,,,,3938,,,,3487,,17,17,,BIC,,,,,,,DE,3938,231.647058824,3487,205.117647059,,SY16-17,,0,,,,,,,BIC,,,GD323,SD28
DE@SD34@GD323,Branywine,PS DuPont Middle,,,,,,,,,Y,,,,,10/1/2016,10,2016,918,,359,40,,,,,6112,,,,2220,,17,17,,,,,,,,,DE,6112,359.529411765,2220,130.588235294,,SY16-17,,399,,,,,,,,,,GD323,SD34
DE@SD32@GD323,Branywine,Mount Pleasant Elementary,,,,,,,,,,,,,,10/1/2016,10,2016,767,,321,30,,,,,4555,,,,2517,,17,17,,,,,,,,,DE,4555,267.941176471,2517,148.058823529,,SY16-17,,351,,,,,,,,,,GD323,SD32
DE@SD35@GD323,Branywine,Springer Middle,,,,,,,,,,,,,,10/1/2016,10,2016,830,,244,26,,,,,4020,,,,1879,,17,17,,,,,,,,,DE,4020,236.470588235,1879,110.529411765,,SY16-17,,270,,,,,,,,,,GD323,SD35
DE@SD36@GD323,Branywine,Talley Middle,,,,,,,,,,,,,,10/1/2016,10,2016,753,,323,35,,,,,5253,,,,1594,,17,16,,,,,,,,,DE,5253,328.3125,1594,93.764705882,,SY16-17,,358,,,,,,,,,,GD323,SD36
DE@SD20@GD323,Branywine,Brandywine High,,,,,,,,,,,,,,10/1/2016,10,2016,745,,310,21,,,,,4539,,,,2434,,17,18,,,,,,,,,DE,4539,252.166666667,2434,143.176470588,,SY16-17,,331,,,,,,,,,,GD323,SD20
DE@SD24@GD323,Branywine,Concord High,,,,,,,,,,,,,,10/1/2016,10,2016,1154,,318,35,,,,,4591,,,,1607,,18,18,,,,,,,,,DE,4591,255.055555556,1607,89.277777778,,SY16-17,,353,,,,,,,,,,GD323,SD24
DE@SD33@GD323,Branywine,Mount Pleasant High,,,,,,,,,,,,,,10/1/2016,10,2016,1086,,386,57,,,,,5318,,,,1877,,18,17,,,,,,,,,DE,5318,312.823529412,1877,104.277777778,,SY16-17,,443,,,,,,,,,,GD323,SD33
DE@SD25@GD323,Branywine,ECAP,,,,,,,,,Y,,,,,10/1/2016,10,2016,51,,0,0,,,,,587,,,,591,,17,16,,,,,,,,,DE,587,36.6875,591,34.764705882,,SY16-17,,0,,,,,,,,,,GD323,SD25
DE@SD21@GD323,Branywine,Bush- PREK,,,,,,,,,,,,,,10/1/2016,10,2016,269,,67,1,,,,,235,,,,2104,,16,16,,BIC,,,,,,,DE,235,14.6875,2104,131.5,,SY16-17,,68,,,,,,,BIC,,,GD323,SD21
DE@SD38@GD324,Caesar Rodney,Caesar Rodney HS,,,,,,,,,,,,,,10/1/2016,10,2016,2041,,617,103,,,,,10700,,,,4702,,20,20,,,,,,,,,DE,10700,535,4702,235.1,,SY16-17,,720,,,,,,,,,,GD324,SD38
DE@SD42@GD324,Caesar Rodney,Fifer MS,,,,,,,,,,,,,,10/1/2016,10,2016,847,,403,36,,,,,7711,,,,2669,,20,20,,,,,,,,,DE,7711,385.55,2669,133.45,,SY16-17,,439,,,,,,,,,,GD324,SD42
DE@SD45@GD324,Caesar Rodney,Postlethwait MS,,,,,,,,,,,,,,10/1/2016,10,2016,829,,272,35,,,,,4990,,,,1697,,20,20,,,,,,,,,DE,4990,249.5,1697,84.85,,SY16-17,,307,,,,,,,,,,GD324,SD45
DE@SD48@GD324,Caesar Rodney,Stokes Elem,,,,,,,,,,,,,Y,10/1/2016,10,2016,448,,219,22,,,,,4186,,,,3744,,20,20,,GNG,,,,,,,DE,4186,209.3,3744,187.2,,SY16-17,,241,,,,,,,GNG,,,GD324,SD48
DE@SD43@GD324,Caesar Rodney,Frear Elem,,,,,,,,,,,,,Y,10/1/2016,10,2016,751,,252,25,,,,,4490,,,,3941,,20,20,,GNG,,,,,,,DE,4490,224.5,3941,197.05,,SY16-17,,277,,,,,,,GNG,,,GD324,SD43
DE@SD39@GD324,Caesar Rodney,Charlton School,,,,,,,,,,,,,Y,10/1/2016,10,2016,151,,53,7,,,,,827,,,,784,,20,20,,,,,,,,,DE,827,41.35,784,39.2,,SY16-17,,60,,,,,,,,,,GD324,SD39
DE@SD46@GD324,Caesar Rodney,Simpson Elem,,,,,,,,,,,,,Y,10/1/2016,10,2016,594,,233,25,,,,,4264,,,,2222,,20,20,,,,,,,,,DE,4264,213.2,2222,111.1,,SY16-17,,258,,,,,,,,,,GD324,SD46
DE@SD41@GD324,Caesar Rodney,Elementary ILC,,,,,,,,,,,,,Y,10/1/2016,10,2016,42,,34,1,,,,,549,,,,439,,20,20,,,,,,,,,DE,549,27.45,439,21.95,,SY16-17,,35,,,,,,,,,,GD324,SD41
DE@SD44@GD324,Caesar Rodney,McIlvaine Elem,,,,,,,,,,,,,Y,10/1/2016,10,2016,513,,202,17,,,,,3450,,,,2750,,20,20,,GNG,,,,,,,DE,3450,172.5,2750,137.5,,SY16-17,,219,,,,,,,GNG,,,GD324,SD44
DE@SD37@GD324,Caesar Rodney,Brown Elem,,,,,,,,,,,,,Y,10/1/2016,10,2016,493,,292,30,,,,,5729,,,,3718,,20,20,,,,,,,,,DE,5729,286.45,3718,185.9,,SY16-17,,322,,,,,,,,,,GD324,SD37
DE@SD47@GD324,Caesar Rodney,Star Hill Elem,,,,,,,,,,,,,Y,10/1/2016,10,2016,471,,141,33,,,,,2906,,,,1877,,20,20,,GNG,,,,,,,DE,2906,145.3,1877,93.85,,SY16-17,,174,,,,,,,GNG,,,GD324,SD47
DE@SD40@GD324,Caesar Rodney,Dover Air Base MS,,,,,,,,,,,,,,10/1/2016,10,2016,229,,32,35,,,,,1017,,,,326,,20,20,,,,,,,,,DE,1017,50.85,326,16.3,,SY16-17,,67,,,,,,,,,,GD324,SD40
DE@SD49@GD324,Caesar Rodney,Welch Elem,,,,,,,,,,,,,Y,10/1/2016,10,2016,453,,42,56,,,,,1496,,,,468,,20,20,,,,,,,,,DE,1496,74.8,468,23.4,,SY16-17,,98,,,,,,,,,,GD324,SD49
DE@SD50@GD325,Campus Community,Campus Community School,,,,,,,,,,,,,,10/1/2016,10,2016,435,,231,40,,,,,3386,,,,1733,,18,18,,,,,,,,,DE,3386,188.111111111,1733,96.277777778,,SY16-17,,271,,,,,,,,,,GD325,SD50
DE@SD52@GD326,Cape Henlopen,Cape Henlopen High School,,,,,,,,,,,,,,10/1/2016,10,2016,1423,,544,47,,,,,7894,,,,2480,,18,18,,GNG,,,,,,,DE,7894,438.555555556,2480,137.777777778,,SY16-17,,591,,,,,,,GNG,,,GD326,SD52
DE@SD54@GD326,Cape Henlopen,Lewes School,,,,,,,,,,,,,,10/1/2016,10,2016,401,,172,16,,,,,1905,,,,1897,,18,17,,GNG,,,,,,,DE,1905,112.058823529,1897,105.388888889,,SY16-17,,188,,,,,,,GNG,,,GD326,SD54
DE@SD51@GD326,Cape Henlopen,Beacon Middle School,,,,,,,,,,,,,,10/1/2016,10,2016,634,,212,21,,,,,3559,,,,813,,17,18,,,,,,,,,DE,3559,197.722222222,813,47.823529412,,SY16-17,,233,,,,,,,,,,GD326,SD51
DE@SD58@GD326,Cape Henlopen,Richard Shields Elementary,,,,,,,,,,,,,,10/1/2016,10,2016,603,,202,15,,,,,3059,,,,1790,,18,17,,,,,,,,,DE,3059,179.941176471,1790,99.444444444,,SY16-17,,217,,,,,,,,,,GD326,SD58
DE@SD55@GD326,Cape Henlopen,Mariner Middle School,,,,,,,,,Y,,,,,10/1/2016,10,2016,604,,471,0,,,,,8038,,,,3018,,20,19,,,,,,,,,DE,8038,423.052631579,3018,150.9,,SY16-17,,471,,,,,,,,,,GD326,SD55
DE@SD56@GD326,Cape Henlopen,Milton Elementary School,,,,,,,,,Y,,,,,10/1/2016,10,2016,570,,447,0,,,,,6800,,,,4988,,20,19,,BIC,,,,,,,DE,6800,357.894736842,4988,249.4,,SY16-17,,447,,,,,,,BIC,,,GD326,SD56
DE@SD53@GD326,Cape Henlopen,H.O. Brittingham Elementary,,,,,,,,,Y,,,,,10/1/2016,10,2016,567,,445,0,,,,,7684,,,,6465,,20,20,,BIC,,,,,,,DE,7684,384.2,6465,323.25,,SY16-17,,445,,,,,,,BIC,,,GD326,SD53
DE@SD57@GD326,Cape Henlopen,Rehoboth Elementary,,,,,,,,,,,,,,10/1/2016,10,2016,621,,251,19,,,,,4128,,,,2368,,19,19,,,,,,,,,DE,4128,217.263157895,2368,124.631578947,,SY16-17,,270,,,,,,,,,,GD326,SD57
DE@SD59@GD327,Capital,Booker T Washington,,,,,,,,,Y,,,,,10/1/2016,10,2016,355,,303,0,,,,,5016,,,,3468,,21,21,,,,,,,,,DE,5016,238.857142857,3468,165.142857143,,SY16-17,,303,,,,,,,,,,GD327,SD59
DE@SD60@GD327,Capital,Central Middle School,,,,,,,,,Y,,,,,10/1/2016,10,2016,989,,821,0,,,,,14316,,,,7706,,21,21,,GNG,,,,,,,DE,14316,681.714285714,7706,366.952380952,,SY16-17,,821,,,,,,,GNG,,,GD327,SD60
DE@SD61@GD327,Capital,Dover High School,,,,,,,,,Y,,,,,10/1/2016,10,2016,1897,,1313,0,,,,,19125,,,,7813,,21,21,,GNG,,,,,,,DE,19125,910.714285714,7813,372.047619048,,SY16-17,,1313,,,,,,,GNG,,,GD327,SD61
DE@SD62@GD327,Capital,East Dover Elementary,,,,,,,,,Y,,,,,10/1/2016,10,2016,366,,365,0,,,,,5481,,,,5369,,21,21,,BIC,,,,,,,DE,5481,261,5369,255.666666667,,SY16-17,,365,,,,,,,BIC,,,GD327,SD62
DE@SD63@GD327,Capital,Fairview elementary,,,,,,,,,Y,,,,,10/1/2016,10,2016,310,,253,0,,,,,3981,,,,2418,,21,21,,,,,,,,,DE,3981,189.571428571,2418,115.142857143,,SY16-17,,253,,,,,,,,,,GD327,SD63
DE@SD64@GD327,Capital,Hartly Elementary,,,,,,,,,Y,,,,,10/1/2016,10,2016,371,,303,0,,,,,4133,,,,2159,,21,21,,GNG,,,,,,,DE,4133,196.809523810,2159,102.809523810,,SY16-17,,303,,,,,,,GNG,,,GD327,SD64
DE@SD67@GD327,Capital,North Dover Elementary,,,,,,,,,Y,,,,,10/1/2016,10,2016,389,,323,0,,,,,5395,,,,4025,,21,21,,BIC,,,,,,,DE,5395,256.904761905,4025,191.666666667,,SY16-17,,323,,,,,,,BIC,,,GD327,SD67
DE@SD68@GD327,Capital,South Dover Elementary,,,,,,,,,Y,,,,,10/1/2016,10,2016,587,,558,0,,,,,9508,,,,8124,,21,21,,BIC,,,,,,,DE,9508,452.761904762,8124,386.857142857,,SY16-17,,558,,,,,,,BIC,,,GD327,SD68
DE@SD69@GD327,Capital,Towne Point Elementary,,,,,,,,,Y,,,,,10/1/2016,10,2016,329,,320,0,,,,,5705,,,,4114,,21,21,,,,,,,,,DE,5705,271.666666667,4114,195.904761905,,SY16-17,,320,,,,,,,,,,GD327,SD69
DE@SD70@GD327,Capital,Wm. Henry Middle School,,,,,,,,,Y,,,,,10/1/2016,10,2016,933,,787,0,,,,,14574,,,,10305,,21,21,,GNG,,,,,,,DE,14574,694,10305,490.714285714,,SY16-17,,787,,,,,,,GNG,,,GD327,SD70
DE@SD66@GD327,Capital,KCCS,,,,,,,,,Y,,,,,10/1/2016,10,2016,79,,67,0,,,,,809,,,,812,,21,21,,BIC,,,,,,,DE,809,38.523809524,812,38.666666667,,SY16-17,,67,,,,,,,BIC,,,GD327,SD66
DE@SD65@GD327,Capital,ILC,,,,,,,,,Y,,,,,10/1/2016,10,2016,96,,96,0,,,,,1043,,,,949,,21,21,,BIC,,,,,,,DE,1043,49.666666667,949,45.190476190,,SY16-17,,96,,,,,,,BIC,,,GD327,SD65
DE@SD116@GD330,Community Education Building,Great Oaks Charter,,,,,,,,,,,,,,10/1/2016,10,2016,343,,306,0,,,,,4379,,,,3091,,17,17,,,,,,,,,DE,4379,257.588235294,3091,181.823529412,,SY16-17,,306,,,,,,,,,,GD330,SD116
DE@SD117@GD330,Community Education Building,Kuumba Academy,,,,,,,,,,,,,,10/1/2016,10,2016,745,,665,0,,,,,11015,,,,8822,,19,20,,,,,,,,,DE,11015,550.75,8822,464.315789474,,SY16-17,,665,,,,,,,,,,GD330,SD117
DE@SD71@GD328,Christina,Bancroft Elementary,,,,,,,,,Y,,,,,10/1/2016,10,2016,396,,381,0,,,,,4876,,,,6733,,17,17,,BIC,,,,,,,DE,4876,286.823529412,6733,396.058823529,,SY16-17,,381,,,,,,,BIC,,,GD328,SD71
DE@SD72@GD328,Christina,Bayard Middle,,,,,,,,,Y,,,,,10/1/2016,10,2016,369,,355,0,,,,,4554,,,,2202,,17,17,,GNG,,,,,,,DE,4554,267.882352941,2202,129.529411765,,SY16-17,,355,,,,,,,GNG,,,GD328,SD72
DE@SD73@GD328,Christina,Brader,,,,,,,,,,,,,,10/1/2016,10,2016,556,,260,33,,,,,3950,,,,2146,,17,17,,GNG,,,,,,,DE,3950,232.352941176,2146,126.235294118,,SY16-17,,293,,,,,,,GNG,,,GD328,SD73
DE@SD74@GD328,Christina,Brennen,,,,,,,,,,,,,,10/1/2016,10,2016,134,,48,9,,,,,796,,,,940,,17,17,,GNG,,,,,,,DE,796,46.823529412,940,55.294117647,,SY16-17,,57,,,,,,,GNG,,,GD328,SD74
DE@SD75@GD328,Christina,Brookside,,,,,,,,,Y,,,,,10/1/2016,10,2016,359,,345,0,,,,,3806,,,,2434,,17,17,,GNG,,,,,,,DE,3806,223.882352941,2434,143.176470588,,SY16-17,,345,,,,,,,GNG,,,GD328,SD75
DE@SD77@GD328,Christina,Christina Early Ed Center,,,,,,,,,Y,,,,,10/1/2016,10,2016,399,,384,0,,,,,1672,,,,1832,,17,18,,BIC,,,,,,,DE,1672,92.888888889,1832,107.764705882,,SY16-17,,384,,,,,,,BIC,,,GD328,SD77
DE@SD76@GD328,Christina,Christiana High,,,,,,,,,,,,,Y,10/1/2016,10,2016,908,,452,39,,,,,6292,,,,3313,,18,18,,GNG,,,,,,,DE,6292,349.555555556,3313,184.055555556,,SY16-17,,491,,,,,,,GNG,,,GD328,SD76
DE@SD78@GD328,Christina,Douglass Alternative,,,,,,,,,Y,,,,,10/1/2016,10,2016,145,,139,0,,,,,467,,,,353,,18,17,,GNG,,,,,,,DE,467,27.470588235,353,19.611111111,,SY16-17,,139,,,,,,,GNG,,,GD328,SD78
DE@SD79@GD328,Christina,Downes Elementary,,,,,,,,,,,,,,10/1/2016,10,2016,484,,167,10,,,,,2607,,,,1198,,17,17,,GNG,,,,,,,DE,2607,153.352941176,1198,70.470588235,,SY16-17,,177,,,,,,,GNG,,,GD328,SD79
DE@SD80@GD328,Christina,DSD - DE School for Deaf,,,,,,,,,,,,,,10/1/2016,10,2016,110,,52,6,,,,,715,,,,695,,17,17,,GNG,,,,,,,DE,715,42.058823529,695,40.882352941,,SY16-17,,58,,,,,,,GNG,,,GD328,SD80
DE@SD81@GD328,Christina,Gallaher,,,,,,,,,Y,,,,,10/1/2016,10,2016,558,,537,0,,,,,4727,,,,3283,,17,17,,BIC,,,,,,,DE,4727,278.058823529,3283,193.117647059,,SY16-17,,537,,,,,,,BIC,,,GD328,SD81
DE@SD82@GD328,Christina,Gauger Cobbs Middle,,,,,,,,,,,,,Y,10/1/2016,10,2016,1080,,553,63,,,,,10518,,,,4677,,17,17,,GNG,,,,,,,DE,10518,618.705882353,4677,275.117647059,,SY16-17,,616,,,,,,,GNG,,,GD328,SD82
DE@SD83@GD328,Christina,Glasgow High,,,,,,,,,,,,,Y,10/1/2016,10,2016,858,,441,43,,,,,6396,,,,3869,,17,17,,GNG,,,,,,,DE,6396,376.235294118,3869,227.588235294,,SY16-17,,484,,,,,,,GNG,,,GD328,SD83
DE@SD84@GD328,Christina,Jones Elementary,,,,,,,,,Y,,,,,10/1/2016,10,2016,429,,413,0,,,,,4144,,,,5682,,17,17,,BIC,,,,,,,DE,4144,243.764705882,5682,334.235294118,,SY16-17,,413,,,,,,,BIC,,,GD328,SD84
DE@SD85@GD328,Christina,Keene Elementary,,,,,,,,,,,,,,10/1/2016,10,2016,646,,276,32,,,,,4586,,,,2854,,18,17,,GNG,,,,,,,DE,4586,269.764705882,2854,158.555555556,,SY16-17,,308,,,,,,,GNG,,,GD328,SD85
DE@SD86@GD328,Christina,Kirk Middle,,,,,,,,,,,,,,10/1/2016,10,2016,744,,352,29,,,,,6867,,,,2208,,17,17,,GNG,,,,,,,DE,6867,403.941176471,2208,129.882352941,,SY16-17,,381,,,,,,,GNG,,,GD328,SD86
DE@SD87@GD328,Christina,Leasure Elementary,,,,,,,,,Y,,,,,10/1/2016,10,2016,498,,479,0,,,,,5122,,,,3009,,17,17,,GNG,,,,,,,DE,5122,301.294117647,3009,177,,SY16-17,,479,,,,,,,GNG,,,GD328,SD87
DE@SD88@GD328,Christina,Maclary Elementary,,,,,,,,,,,,,,10/1/2016,10,2016,390,,200,25,,,,,3323,,,,2063,,17,17,,GNG,,,,,,,DE,3323,195.470588235,2063,121.352941176,,SY16-17,,225,,,,,,,GNG,,,GD328,SD88
DE@SD89@GD328,Christina,Marshall Elementary,,,,,,,,,,,,,,10/1/2016,10,2016,781,,222,40,,,,,3873,,,,1604,,17,18,,BIC,,,,,,,DE,3873,215.166666667,1604,94.352941176,,SY16-17,,262,,,,,,,BIC,,,GD328,SD89
DE@SD90@GD328,Christina,McVey Elementary,,,,,,,,,Y,,,,,10/1/2016,10,2016,410,,394,0,,,,,4102,,,,1653,,18,17,,GNG,,,,,,,DE,4102,241.294117647,1653,91.833333333,,SY16-17,,394,,,,,,,GNG,,,GD328,SD90
DE@SD91@GD328,Christina,Networks,,,,,,,,,,,,,Y,10/1/2016,10,2016,110,,60,8,,,,,439,,,,465,,17,17,,GNG,,,,,,,DE,439,25.823529412,465,27.352941176,,SY16-17,,68,,,,,,,GNG,,,GD328,SD91
DE@SD92@GD328,Christina,Newark High,,,,,,,,,,,,,,10/1/2016,10,2016,1190,,539,41,,,,,7888,,,,3805,,17,17,,GNG,,,,,,,DE,7888,464,3805,223.823529412,,SY16-17,,580,,,,,,,GNG,,,GD328,SD92
DE@SD93@GD328,Christina,Oberle Elememtary,,,,,,,,,Y,,,,,10/1/2016,10,2016,719,,692,0,,,,,8026,,,,12000,,17,17,,BIC,,,,,,,DE,8026,472.117647059,12000,705.882352941,,SY16-17,,692,,,,,,,BIC,,,GD328,SD93
DE@SD94@GD328,Christina,Palmer Elementary,,,,,,,,,Y,,,,,10/1/2016,10,2016,291,,280,0,,,,,3669,,,,3451,,17,17,,BIC,,,,,,,DE,3669,215.823529412,3451,203,,SY16-17,,280,,,,,,,BIC,,,GD328,SD94
DE@SD95@GD328,Christina,Pulaski Elementary,,,,,,,,,Y,,,,,10/1/2016,10,2016,370,,356,0,,,,,4853,,,,4168,,17,18,,BIC,,,,,,,DE,4853,269.611111111,4168,245.176470588,,SY16-17,,356,,,,,,,BIC,,,GD328,SD95
DE@SD96@GD328,Christina,Sarah Pyle Academy,,,,,,,,,Y,,,,,10/1/2016,10,2016,143,,137,0,,,,,468,,,,223,,17,18,,GNG,,,,,,,DE,468,26,223,13.117647059,,SY16-17,,137,,,,,,,GNG,,,GD328,SD96
DE@SD97@GD328,Christina,Shue Medill Middle,,,,,,,,,,,,,Y,10/1/2016,10,2016,900,,451,52,,,,,8266,,,,5505,,17,17,,BIC,,,,,,,DE,8266,486.235294118,5505,323.823529412,,SY16-17,,503,,,,,,,BIC,,,GD328,SD97
DE@SD98@GD328,Christina,Smith Elementary,,,,,,,,,Y,,,,,10/1/2016,10,2016,550,,529,0,,,,,4915,,,,1272,,17,17,,GNG,,,,,,,DE,4915,289.117647059,1272,74.823529412,,SY16-17,,529,,,,,,,GNG,,,GD328,SD98
DE@SD99@GD328,Christina,Stubbs Elementary,,,,,,,,,Y,,,,,10/1/2016,10,2016,339,,326,0,,,,,4284,,,,4539,,17,17,,BIC,,,,,,,DE,4284,252,4539,267,,SY16-17,,326,,,,,,,BIC,,,GD328,SD99
DE@SD100@GD328,Christina,West Park Elementary,,,,,,,,,,,,,,10/1/2016,10,2016,368,,131,15,,,,,2128,,,,1256,,17,18,,BIC,,,,,,,DE,2128,118.222222222,1256,73.882352941,,SY16-17,,146,,,,,,,BIC,,,GD328,SD100
DE@SD101@GD328,Christina,Wilson Elementary,,,,,,,,,,,,,,10/1/2016,10,2016,403,,225,15,,,,,3313,,,,2163,,17,17,,BIC,,,,,,,DE,3313,194.882352941,2163,127.235294118,,SY16-17,,240,,,,,,,BIC,,,GD328,SD101
DE@SD102@GD329,Colonial,Carrie Downie,,,,,,,,,Y,,,,,10/1/2016,10,2016,400,,400,0,,,,,5304,,,,4233,,19,19,,GNG,,,,,,,DE,5304,279.157894737,4233,222.789473684,,SY16-17,,400,,,,,,,GNG,,,GD329,SD102
DE@SD103@GD329,Colonial,Castle Hills,,,,,,,,,Y,,,,,10/1/2016,10,2016,623,,623,0,,,,,8422,,,,7196,,19,19,,BIC,,,,,,,DE,8422,443.263157895,7196,378.736842105,,SY16-17,,623,,,,,,,BIC,,,GD329,SD103
DE@SD111@GD329,Colonial,Pleasanville,,,,,,,,,Y,,,,,10/1/2016,10,2016,478,,478,0,,,,,6248,,,,5292,,19,19,,GNG,,,,,,,DE,6248,328.842105263,5292,278.526315789,,SY16-17,,478,,,,,,,GNG,,,GD329,SD111
DE@SD115@GD329,Colonial,Wilmington Manor,,,,,,,,,Y,,,,,10/1/2016,10,2016,324,,324,0,,,,,4325,,,,3507,,19,19,,GNG,,,,,,,DE,4325,227.631578947,3507,184.578947368,,SY16-17,,324,,,,,,,GNG,,,GD329,SD115
DE@SD107@GD329,Colonial,K. H. Wilbur,,,,,,,,,Y,,,,,10/1/2016,10,2016,1124,,1124,0,,,,,14532,,,,11270,,19,19,,GNG,,,,,,,DE,14532,764.842105263,11270,593.157894737,,SY16-17,,1124,,,,,,,GNG,,,GD329,SD107
DE@SD112@GD329,Colonial,Southern,,,,,,,,,Y,,,,,10/1/2016,10,2016,870,,870,0,,,,,10840,,,,9841,,19,19,,GNG,,,,,,,DE,10840,570.526315789,9841,517.947368421,,SY16-17,,870,,,,,,,GNG,,,GD329,SD112
DE@SD110@GD329,Colonial,New Castle Middle,,,,,,,,,Y,,,,,10/1/2016,10,2016,576,,576,0,,,,,7910,,,,7232,,19,19,,GNG,,,,,,,DE,7910,416.315789474,7232,380.631578947,,SY16-17,,576,,,,,,,GNG,,,GD329,SD110
DE@SD104@GD329,Colonial,Eisenberg,,,,,,,,,Y,,,,,10/1/2016,10,2016,510,,510,0,,,,,7035,,,,5817,,19,19,,BIC,,,,,,,DE,7035,370.263157895,5817,306.157894737,,SY16-17,,510,,,,,,,BIC,,,GD329,SD104
DE@SD106@GD329,Colonial,Gunning Bedford,,,,,,,,,,,,,Y,10/1/2016,10,2016,1086,,401,84,,,,,9169,,,,7755,,19,19,,GNG,,,,,,,DE,9169,482.578947368,7755,408.157894737,,SY16-17,,485,,,,,,,GNG,,,GD329,SD106
DE@SD105@GD329,Colonial,George Read,,,,,,,,,Y,,,,,10/1/2016,10,2016,750,,750,0,,,,,9763,,,,6923,,19,19,,,,,,,,,DE,9763,513.842105263,6923,364.368421053,,SY16-17,,750,,,,,,,,,,GD329,SD105
DE@SD109@GD329,Colonial,McCullough,,,,,,,,,Y,,,,,10/1/2016,10,2016,791,,791,0,,,,,11916,,,,8154,,19,19,,GNG,,,,,,,DE,11916,627.157894737,8154,429.157894737,,SY16-17,,791,,,,,,,GNG,,,GD329,SD109
DE@SD114@GD329,Colonial,William Penn,,,,,,,,,,,,,Y,10/1/2016,10,2016,2087,,977,134,,,,,16037,,,,10664,,19,19,,GNG,,,,,,,DE,16037,844.052631579,10664,561.263157895,,SY16-17,,1111,,,,,,,GNG,,,GD329,SD114
DE@SD108@GD329,Colonial,Leach,,,,,,,,,Y,,,,,10/1/2016,10,2016,220,,220,0,,,,,1944,,,,1928,,19,19,,BIC,,,,,,,DE,1944,102.315789474,1928,101.473684211,,SY16-17,,220,,,,,,,BIC,,,GD329,SD108
DE@SD113@GD329,Colonial,The Wallin School,,,,,,,,,Y,,,,,10/1/2016,10,2016,146,,146,0,,,,,946,,,,852,,19,19,,GNG,,,,,,,DE,946,49.789473684,852,44.842105263,,SY16-17,,146,,,,,,,GNG,,,GD329,SD113
DE@SD119@GD331,DAPI,Dapi NCC County Site,,,,,,,,,,,,,,10/1/2016,10,2016,12,,12,0,,,,,164,,,,174,,19,18,,,,,,,,,DE,164,9.111111111,174,9.157894737,,SY16-17,,12,,,,,,,,,,GD331,SD119
DE@SD118@GD331,DAPI,Dapi Kent County Site,,,,,,,,,,,,,,10/1/2016,10,2016,8,,8,0,,,,,126,,,,91,,22,21,,,,,,,,,DE,126,6,91,4.136363636,,SY16-17,,8,,,,,,,,,,GD331,SD118
DE@SD120@GD331,DAPI,Dapi Sussex County Site,,,,,,,,,,,,,,10/1/2016,10,2016,22,,22,0,,,,,203,,,,150,,18,20,,,,,,,,,DE,203,10.15,150,8.333333333,,SY16-17,,22,,,,,,,,,,GD331,SD120
DE@SD121@GD332,DAPSS,DAPSS,,,,,,,,,,,,,,10/1/2016,10,2016,270,,155,18,,,,,2152,,,,729,,20,23,,BIC,,,,,,,DE,2152,93.565217391,729,36.45,,SY16-17,,173,,,,,,,BIC,,,GD332,SD121
DE@SD122@GD333,DE Design Lab,DE Design-Lab High School,,,,,,,,,,,,,,10/1/2016,10,2016,272,,149,28,,,,,2216,,,,911,,20,20,,,,,,,,,DE,2216,110.8,911,45.55,,SY16-17,,177,,,,,,,,,,GD333,SD122
DE@SD123@GD334,Delmar,Delmar School District,,,,,,,,,,,,,,10/1/2016,10,2016,1333,,445,65,,,,,7926,,,,4469,,19,20,,BIC,,,,,,,DE,7926,396.3,4469,235.210526316,,SY16-17,,510,,,,,,,BIC,,,GD334,SD123
DE@SD124@GD335,DOC,Baylor Women's Correctional Institution,,,,,,,,,,,,,,10/1/2016,10,2016,26,,26,0,,,,,519,,,,517,,30,30,,,,,,,,,DE,519,17.3,517,17.233333333,,SY16-17,,26,,,,,,,,,,GD335,SD124
DE@SD125@GD335,DOC,Central Violation of Probation,,,,,,,,,,,,,,10/1/2016,10,2016,10,,10,,,,,,269,,,,267,,29,29,,,,,,,,,DE,269,9.275862069,267,9.206896552,,SY16-17,,,,,,,,,,,,GD335,SD125
DE@SD126@GD335,DOC,Howard R. Young Correctional Institution,,,,,,,,,,,,,,10/1/2016,10,2016,158,,158,,,,,,4531,,,,4524,,30,30,,,,,,,,,DE,4531,151.033333333,4524,150.8,,SY16-17,,,,,,,,,,,,GD335,SD126
DE@SD127@GD335,DOC,James T. Vaughn Correctional Center,,,,,,,,,,,,,,10/1/2016,10,2016,35,,35,,,,,,968,,,,965,,30,30,,,,,,,,,DE,968,32.266666667,965,32.166666667,,SY16-17,,,,,,,,,,,,GD335,SD127
DE@SD128@GD335,DOC,Morris Community Correctional Center,,,,,,,,,,,,,,10/1/2016,10,2016,4,,4,,,,,,0,,,,11,,11,0,,,,,,,,,DE,0,,11,1,,SY16-17,,,,,,,,,,,,GD335,SD128
DE@SD129@GD335,DOC,Plummer Center,,,,,,,,,,,,,,10/1/2016,10,2016,14,,14,,,,,,249,,,,249,,27,27,,,,,,,,,DE,249,9.222222222,249,9.222222222,,SY16-17,,,,,,,,,,,,GD335,SD129
DE@SD130@GD335,DOC,Sussex Correctional Institution,,,,,,,,,,,,,,10/1/2016,10,2016,72,,72,,,,,,1961,,,,1959,,30,30,,,,,,,,,DE,1961,65.366666667,1959,65.3,,SY16-17,,,,,,,,,,,,GD335,SD130
DE@SD131@GD335,DOC,Sussex Release and Violation Center,,,,,,,,,,,,,,10/1/2016,10,2016,18,,18,,,,,,380,,,,377,,29,29,,,,,,,,,DE,380,13.103448276,377,13,,SY16-17,,,,,,,,,,,,GD335,SD131
DE@SD132@GD335,DOC,Webb Correction,,,,,,,,,,,,,,10/1/2016,10,2016,0,,0,,,,,,0,,,,0,,0,0,,,,,,,,,DE,0,,0,,,SY16-17,,,,,,,,,,,,GD335,SD132
DE@SD133@GD336,DYRS,Ferris school,,,,,,,,,,,,,,10/1/2016,10,2016,1079,,1079,0,,,,,1079,,,,1079,,1,1,,,,,,,,,DE,1079,1079,1079,1079,,SY16-17,,1079,,,,,,,,,,GD336,SD133
DE@SD138@GD336,DYRS,Stevenson House,,,,,,,,,,,,,,10/1/2016,10,2016,1199,,1199,0,,,,,1198,,,,1199,,0,0,,,,,,,,,DE,1198,,1199,,,SY16-17,,1199,,,,,,,,,,GD336,SD138
DE@SD136@GD336,DYRS,NCCDC,,,,,,,,,,,,,,10/1/2016,10,2016,2050,,2050,0,,,,,2036,,,,2040,,0,0,,,,,,,,,DE,2036,,2040,,,SY16-17,,2050,,,,,,,,,,GD336,SD136
DE@SD137@GD336,DYRS,Snowden Cottage,,,,,,,,,,,,,,10/1/2016,10,2016,282,,282,0,,,,,282,,,,282,,1,1,,,,,,,,,DE,282,282,282,282,,SY16-17,,282,,,,,,,,,,GD336,SD137
DE@SD134@GD336,DYRS,Grace Cottage,,,,,,,,,,,,,,10/1/2016,10,2016,191,,191,0,,,,,191,,,,191,,1,1,,,,,,,,,DE,191,191,191,191,,SY16-17,,191,,,,,,,,,,GD336,SD134
DE@SD135@GD336,DYRS,Mowlds Cottage,,,,,,,,,,,,,,10/1/2016,10,2016,211,,211,0,,,,,211,,,,211,,1,1,,,,,,,,,DE,211,211,211,211,,SY16-17,,211,,,,,,,,,,GD336,SD135
DE@SD139@GD337,East Side,East Side,,,,,,,,,,,,,,10/1/2016,10,2016,496,,496,0,,,,,8927,,,,6996,,20,21,,BIC,,,,,,,DE,8927,425.095238095,6996,349.8,,SY16-17,,496,,,,,,,BIC,,,GD337,SD139
DE@SD140@GD338,ECHS,Early College High School,,,,,,,,,,,,,,10/1/2016,10,2016,291,,157,37,,,,,1214,,,,335,,33,33,,,,,,,,,DE,1214,36.787878788,335,10.151515152,,SY16-17,,194,,,,,,,,,,GD338,SD140
DE@SD141@GD339,Family Foundations,FFA ELEMENTARY,,,,,,,,,Y,,,,,10/1/2016,10,2016,465,,419,0,,,,,11620,,,,10861,,20,20,,,,,,,,,DE,11620,581,10861,543.05,,SY16-17,,419,,,,,,,,,,GD339,SD141
DE@SD142@GD339,Family Foundations,FFA MIDDLE,,,,,,,,,,,,,,10/1/2016,10,2016,292,,263,0,,,,,,,,,,,0,0,,,,,,,,,DE,,,,,,SY16-17,,263,,,,,,,,,,GD339,SD142
DE@SD143@GD340,First State Military,First State Military Academy,,,,,,,,,,,,,,10/1/2016,10,2016,291,,97,16,,,,,1476,,,,655,,20,20,,,,,,,,,DE,1476,73.8,655,32.75,,SY16-17,,113,,,,,,,,,,GD340,SD143
DE@SD144@GD341,First State Montessori,First State Montessori Academy,,,,,,,,,,,,,,10/1/2016,10,2016,428,,66,8,,,,,752,,,,596,,44,18,,BIC,,,,,,,DE,752,41.777777778,596,13.545454545,,SY16-17,,74,,,,,,,BIC,,,GD341,SD144
DE@SD145@GD342,Friere,Freire Charter School Wilmington,,,,,,,,,Y,,,,,10/1/2016,10,2016,320,,237,0,,,,,2887,,,,286,,19,19,,,,,,,,,DE,2887,151.947368421,286,15.052631579,,SY16-17,,237,,,,,,,,,,GD342,SD145
DE@SD146@GD343,Gateway Lab School,Gateway Lab School,,,,,,,,,,,,,,10/1/2016,10,2016,236,,123,14,,,,,1718,,,,1978,,19,19,,BIC,,,,,,,DE,1718,90.421052632,1978,104.105263158,100005200346,SY16-17,,137,,,,,,,BIC,,,GD343,SD146
DE@SD147@GD344,Harvest Christian,Harvest Christian Academy,,,,,,,,,,,,,,10/1/2016,10,2016,99,,89,1,,,,,1682,,,,1733,,20,21,,GNG,,,,,,,DE,1682,80.095238095,1733,86.65,,SY16-17,,90,,,,,,,GNG,,,GD344,SD147
DE@SD164@GD345,Indian River,TOTS Program,,,,,,,,,,,,,,10/1/2016,10,2016,58,,58,0,,,,,291,,,,284,,20,19,,BIC,,,,,,,DE,291,15.315789474,284,14.2,,SY16-17,,58,,,,,,,BIC,,,GD345,SD164
DE@SD149@GD345,Indian River,G.W. Carver,,,,,,,,,,,,,,10/1/2016,10,2016,82,,62,2,,,,,1148,,,,689,,19,19,,,,,,,,,DE,1148,60.421052632,689,36.263157895,,SY16-17,,64,,,,,,,,,,GD345,SD149
DE@SD156@GD345,Indian River,Long Neck Elementary,,,,,,,,,,,,,,10/1/2016,10,2016,819,,527,66,,,,,9182,,,,4259,,20,19,,,,,,,,,DE,9182,483.263157895,4259,212.95,,SY16-17,,593,,,,,,,,,,GD345,SD156
DE@SD159@GD345,Indian River,North Georgetown Elem.,,,,,,,,,,,,,,10/1/2016,10,2016,873,,695,39,,,,,13138,,,,8048,,19,19,,BIC,,,,,,,DE,13138,691.473684211,8048,423.578947368,,SY16-17,,734,,,,,,,BIC,,,GD345,SD159
DE@SD155@GD345,Indian River,John M. Clayton Elem.,,,,,,,,,,,,,,10/1/2016,10,2016,634,,454,32,,,,,8018,,,,3950,,20,20,,,,,,,,,DE,8018,400.9,3950,197.5,,SY16-17,,486,,,,,,,,,,GD345,SD155
DE@SD157@GD345,Indian River,Lord Baltimore Elem.,,,,,,,,,,,,,,10/1/2016,10,2016,657,,228,21,,,,,3349,,,,1447,,19,19,,,,,,,,,DE,3349,176.263157895,1447,76.157894737,,SY16-17,,249,,,,,,,,,,GD345,SD157
DE@SD148@GD345,Indian River,East Millsboro Elem.,,,,,,,,,,,,,,10/1/2016,10,2016,851,,437,50,,,,,7472,,,,4877,,20,20,,,,,,,,,DE,7472,373.6,4877,243.85,,SY16-17,,487,,,,,,,,,,GD345,SD148
DE@SD160@GD345,Indian River,Phillip C. Showell,,,,,,,,,,,,,,10/1/2016,10,2016,407,,263,24,,,,,4326,,,,2211,,20,19,,,,,,,,,DE,4326,227.684210526,2211,110.55,,SY16-17,,287,,,,,,,,,,GD345,SD160
DE@SD158@GD345,Indian River,Millsboro Middle,,,,,,,,,,,,,,10/1/2016,10,2016,696,,383,36,,,,,7020,,,,2648,,19,20,,GNG,,,,,,,DE,7020,351,2648,139.368421053,,SY16-17,,419,,,,,,,GNG,,,GD345,SD158
DE@SD161@GD345,Indian River,Selbyville Middle,,,,,,,,,,,,,,10/1/2016,10,2016,697,,351,40,,,,,6443,,,,1829,,20,20,,,,,,,,,DE,6443,322.15,1829,91.45,,SY16-17,,391,,,,,,,,,,GD345,SD161
DE@SD154@GD345,Indian River,Indian River High,,,,,,,,,,,,,,10/1/2016,10,2016,947,,372,53,,,,,6833,,,,2111,,20,20,,,,,,,,,DE,6833,341.65,2111,105.55,,SY16-17,,425,,,,,,,,,,GD345,SD154
DE@SD163@GD345,Indian River,Sussex Central High,,,,,,,,,,,,,,10/1/2016,10,2016,1620,,920,97,,,,,15272,,,,4746,,20,20,,,,,,,,,DE,15272,763.6,4746,237.3,,SY16-17,,1017,,,,,,,,,,GD345,SD163
DE@SD162@GD345,Indian River,Southern DE School of Arts,,,,,,,,,,,,,,10/1/2016,10,2016,459,,98,20,,,,,2367,,,,1099,,19,19,,,,,,,,,DE,2367,124.578947368,1099,57.842105263,,SY16-17,,118,,,,,,,,,,GD345,SD162
DE@SD153@GD345,Indian River,Howard T. Ennis,,,,,,,,,,,,,,10/1/2016,10,2016,164,,86,11,,,,,1322,,,,1309,,20,19,,,,,,,,,DE,1322,69.578947368,1309,65.45,,SY16-17,,97,,,,,,,,,,GD345,SD153
DE@SD152@GD345,Indian River,Georgetown Middle,,,,,,,,,,,,,,10/1/2016,10,2016,690,,475,34,,,,,13457,,,,12206,,19,19,,,,,,,,,DE,13457,708.263157895,12206,642.421052632,,SY16-17,,509,,,,,,,,,,GD345,SD152
DE@SD151@GD345,Indian River,Georgetown Kindergarten,,,,,,,,,,,,,,10/1/2016,10,2016,291,,218,11,,,,,3993,,,,4053,,19,20,,,,,,,,,DE,3993,199.65,4053,213.315789474,,SY16-17,,229,,,,,,,,,,GD345,SD151
DE@SD150@GD345,Indian River,Georgetown Elementary,,,,,,,,,,,,,,10/1/2016,10,2016,776,,561,33,,,,,6051,,,,442,,20,19,,,,,,,,,DE,6051,318.473684211,442,22.1,,SY16-17,,594,,,,,,,,,,GD345,SD150
DE@SD165@GD346,Islamic Academy,Islamic Academy of Delaware,,,,,,,,,,,,,,10/1/2016,10,2016,131,,82,7,,,,,1420,,,,1010,,20,20,,,,,,,,,DE,1420,71,1010,50.5,,SY16-17,,89,,,,,,,,,,GD346,SD165
DE@SD166@GD347,Kingswood Academy,KINGSWOOD ACADEMY,,,,,,,,,,,,,,10/1/2016,10,2016,64,,0,0,,,,,397,,,,392,,16,17,,,,,,,,,DE,397,23.352941176,392,24.5,,SY16-17,,0,,,,,,,,,,GD347,SD166
DE@SD169@GD348,Lake Forest,High School,,,,,,,,,Y,,,,,10/1/2016,10,2016,959,,677,0,,,,,10649,,,,2706,,18,20,,,,,,,,,DE,10649,532.45,2706,150.333333333,,SY16-17,,677,,,,,,,,,,GD348,SD169
DE@SD172@GD348,Lake Forest,W. T. Chipman Middle,,,,,,,,,Y,,,,,10/1/2016,10,2016,876,,638,0,,,,,10710,,,,3733,,20,19,,,,,,,,,DE,10710,563.684210526,3733,186.65,,SY16-17,,638,,,,,,,,,,GD348,SD172
DE@SD167@GD348,Lake Forest,Central Elementary,,,,,,,,,Y,,,,,10/1/2016,10,2016,607,,439,0,,,,,7027,,,,3327,,19,19,,,,,,,,,DE,7027,369.842105263,3327,175.105263158,,SY16-17,,439,,,,,,,,,,GD348,SD167
DE@SD168@GD348,Lake Forest,East Elementary,,,,,,,,,Y,,,,,10/1/2016,10,2016,295,,216,0,,,,,3378,,,,3014,,18,20,,BIC,,,,,,,DE,3378,168.9,3014,167.444444444,,SY16-17,,216,,,,,,,BIC,,,GD348,SD168
DE@SD170@GD348,Lake Forest,North Elementary,,,,,,,,,Y,,,,,10/1/2016,10,2016,517,,376,0,,,,,5204,,,,2740,,19,19,,,,,,,,,DE,5204,273.894736842,2740,144.210526316,,SY16-17,,376,,,,,,,,,,GD348,SD170
DE@SD171@GD348,Lake Forest,South Elementary,,,,,,,,,Y,,,,,10/1/2016,10,2016,493,,358,0,,,,,5623,,,,3050,,19,20,,,,,,,,,DE,5623,281.15,3050,160.526315789,,SY16-17,,358,,,,,,,,,,GD348,SD171
DE@SD173@GD349,Laurel,Dunbar Elementary,,,,,,,,,Y,,,,,10/1/2016,10,2016,477,,446,,,,,,6242,,,,6234,,20,19,,BIC,,,,,,,DE,6242,328.526315789,6234,311.7,,SY16-17,,,,,,,,,BIC,,,GD349,SD173
DE@SD176@GD349,Laurel,North Laurel Elementary,,,,,,,,,Y,,,,,10/1/2016,10,2016,680,,635,,,,,,10023,,,,8332,,19,20,,BIC,,,,,,,DE,10023,501.15,8332,438.526315789,,SY16-17,,,,,,,,,BIC,,,GD349,SD176
DE@SD175@GD349,Laurel,Laurel Middle School,,,,,,,,,Y,,,,,10/1/2016,10,2016,732,,683,,,,,,11674,,,,4471,,19,19,,,,,,,,,DE,11674,614.421052632,4471,235.315789474,,SY16-17,,,,,,,,,,,,GD349,SD175
DE@SD174@GD349,Laurel,Laurel High School,,,,,,,,,Y,,,,,10/1/2016,10,2016,539,,503,,,,,,7947,,,,1165,,20,19,,,,,,,,,DE,7947,418.263157895,1165,58.25,,SY16-17,,,,,,,,,,,,GD349,SD174
DE@SD179@GD350,Milford,E.I. Morris,,,,,,,,,Y,,,,,10/1/2016,10,2016,409,,302,0,,,,,3590,,,,3805,,20,20,,,,,,,,,DE,3590,179.5,3805,190.25,,SY16-17,,302,,,,,,,,,,GD350,SD179
DE@SD180@GD350,Milford,Lulu Ross Elementary,,,,,,,,,Y,,,,,10/1/2016,10,2016,641,,474,0,,,,,7444,,,,4920,,20,20,,,,,,,,,DE,7444,372.2,4920,246,,SY16-17,,474,,,,,,,,,,GD350,SD180
DE@SD177@GD350,Milford,Benjamin Bannker Elementary,,,,,,,,,Y,,,,,10/1/2016,10,2016,523,,387,0,,,,,6089,,,,4410,,20,20,,,,,,,,,DE,6089,304.45,4410,220.5,,SY16-17,,387,,,,,,,,,,GD350,SD177
DE@SD182@GD350,Milford,Mispillion Elementary,,,,,,,,,Y,,,,,10/1/2016,10,2016,560,,414,0,,,,,6448,,,,4366,,20,20,,,,,,,,,DE,6448,322.4,4366,218.3,,SY16-17,,414,,,,,,,,,,GD350,SD182
DE@SD178@GD350,Milford,Central Academy,,,,,,,,,Y,,,,,10/1/2016,10,2016,969,,717,0,,,,,11380,,,,5344,,20,20,,,,,,,,,DE,11380,569,5344,267.2,,SY16-17,,717,,,,,,,,,,GD350,SD178
DE@SD181@GD350,Milford,Milford High School,,,,,,,,,Y,,,,,10/1/2016,10,2016,1020,,754,0,,,,,9588,,,,3457,,20,20,,,,,,,,,DE,9588,479.4,3457,172.85,,SY16-17,,754,,,,,,,,,,GD350,SD181
DE@SD184@GD351,MOT,MOT Charter K-8 Academy,,,,,,,,,,,,,,10/1/2016,10,2016,701,,49,7,,,,,783,,,,200,,18,18,,GNG,,,,,,,DE,783,43.5,200,11.111111111,,SY16-17,,56,,,,,,,GNG,,,GD351,SD184
DE@SD183@GD351,MOT,MOT Charter High School,,,,,,,,,,,,,,10/1/2016,10,2016,458,,64,12,,,,,1089,,,,387,,18,19,,GNG,,,,,,,DE,1089,57.315789474,387,21.5,,SY16-17,,76,,,,,,,GNG,,,GD351,SD183
DE@SD185@GD352,Murphey School,Bradford Cottage,,,,,,,,,,,,,,10/1/2016,10,2016,7,,7,0,,,,,70,,,,217,,31,10,,,,,,,,,DE,70,7,217,7,,SY16-17,,7,,,,,,,,,,GD352,SD185
DE@SD187@GD352,Murphey School,Florence Cottage,,,,,,,,,,,,,,10/1/2016,10,2016,11,,11,0,,,,,107,,,,316,,28,10,,,,,,,,,DE,107,10.7,316,11.285714286,,SY16-17,,11,,,,,,,,,,GD352,SD187
DE@SD186@GD352,Murphey School,Elizabeth Cottage,,,,,,,,,,,,,,10/1/2016,10,2016,7,,7,0,,,,,68,,,,210,,30,11,,,,,,,,,DE,68,6.181818182,210,7,,SY16-17,,7,,,,,,,,,,GD352,SD186
DE@SD188@GD352,Murphey School,Sanford Cottage,,,,,,,,,,,,,,10/1/2016,10,2016,5,,5,0,,,,,26,,,,147,,29,6,,,,,,,,,DE,26,4.333333333,147,5.068965517,,SY16-17,,5,,,,,,,,,,GD352,SD188
DE@SD189@GD353,NCCVT,Delcastle,,,,,,,,,,,,,,10/1/2016,10,2016,1587,,770,110,,,,,13405,,,,6118,,20,20,,,,,,,,,DE,13405,670.25,6118,305.9,,SY16-17,,880,,,,,,,,,,GD353,SD189
DE@SD190@GD353,NCCVT,Hodgson,,,,,,,,,,,,,,10/1/2016,10,2016,1123,,422,71,,,,,7372,,,,3379,,20,20,,,,,,,,,DE,7372,368.6,3379,168.95,,SY16-17,,493,,,,,,,,,,GD353,SD190
DE@SD191@GD353,NCCVT,Howard,,,,,,,,,,,,,,10/1/2016,10,2016,860,,549,69,,,,,8962,,,,4781,,20,20,,,,,,,,,DE,8962,448.1,4781,239.05,,SY16-17,,618,,,,,,,,,,GD353,SD191
DE@SD192@GD353,NCCVT,St.Georges,,,,,,,,,,,,,,10/1/2016,10,2016,1119,,228,53,,,,,4375,,,,2247,,20,19,,,,,,,,,DE,4375,230.263157895,2247,112.35,,SY16-17,,281,,,,,,,,,,GD353,SD192
DE@SD193@GD354,Newark Charter,Newark Charter,,,,,,,,,,,,,,10/1/2016,10,2016,1335,,175,35,,,,,2744,,,,457,,27,19,,GNG,,,,,,,DE,2744,144.421052632,457,16.925925926,,SY16-17,,210,,,,,,,GNG,,,GD354,SD193
DE@SD194@GD354,Newark Charter,Newark Charter Jr/Sr High,,,,,,,,,,,,,,10/1/2016,10,2016,988,,87,17,,,,,1135,,,,201,,18,19,,GNG,,,,,,,DE,1135,59.736842105,201,11.166666667,,SY16-17,,104,,,,,,,GNG,,,GD354,SD194
DE@SD195@GD355,Odyssey Charter,Odyssey Charter School Elementary,,,,,,,,,,,,,,10/1/2016,10,2016,646,,126,26,,,,,1749,,,,1690,,12,16,,GNG,,,,,,,DE,1749,109.3125,1690,140.833333333,,SY16-17,,152,,,,,,,GNG,,,GD355,SD195
DE@SD197@GD355,Odyssey Charter,Odyssey Charter School Middle,,,,,,,,,,,,,,10/1/2016,10,2016,728,,159,39,,,,,2554,,,,1775,,8,18,,GNG,,,,,,,DE,2554,141.888888889,1775,221.875,,SY16-17,,198,,,,,,,GNG,,,GD355,SD197
DE@SD196@GD355,Odyssey Charter,Odyssey Charter School High,,,,,,,,,,,,,,10/1/2016,10,2016,79,,25,3,,,,,389,,,,352,,11,16,,GNG,,,,,,,DE,389,24.3125,352,32,,SY16-17,,28,,,,,,,GNG,,,GD355,SD196
DE@SD198@GD356,Parkway Central,Parkway Academy Central,,,,,,,,,Y,,,,,10/1/2016,10,2016,111,,111,0,,,,,1017,,,,1009,,21,21,,,,,,,,,DE,1017,48.428571429,1009,48.047619048,,SY16-17,,111,,,,,,,,,,GD356,SD198
DE@SD199@GD357,Parkway North,Parkway North,,,,,,,,,Y,,,,,10/1/2016,10,2016,82,,82,0,,,,,527,,,,462,,17,18,,,,,,,,,DE,527,29.277777778,462,27.176470588,,SY16-17,,82,,,,,,,,,,GD357,SD199
DE@SD201@GD358,Polytech,POLYTECH,,,,,,,,,,,,,,10/1/2016,10,2016,1202,,269,60,,,,,5549,,,,1823,,2,15,,,,,,,,,DE,5549,369.933333333,1823,911.5,,SY16-17,,329,,,,,,,,,,GD358,SD201
DE@SD200@GD358,Polytech,DE GUIDANCE,,,,,,,,,,,,,,10/1/2016,10,2016,5,,5,,,,,,85,,,,90,,18,17,,,,,,,,,DE,85,5,90,5,,SY16-17,,,,,,,,,,,,GD358,SD200
DE@SD202@GD359,Positive Change,Positive Change,,,,,,,,,Y,,,,,10/1/2016,10,2016,24,,24,,,,,,444,,,,444,,20,20,,,,,,,,,DE,444,22.2,444,22.2,,SY16-17,,,,,,,,,,,,GD359,SD202
DE@SD203@GD360,Positive Outcomes,Positive Outcomes Charter School,,,,,,,,,,,,,,10/1/2016,10,2016,125,,56,8,,,,,848,,,,677,,19,19,,GNG,,,,,,,DE,848,44.631578947,677,35.631578947,,SY16-17,,64,,,,,,,GNG,,,GD360,SD203
DE@SD204@GD361,Prestige Academy,Prestige Academy,,,,,,,,,,,,,,10/1/2016,10,2016,145,,145,0,,,,,2608,,,,1365,,20,20,,,,,,,,,DE,2608,130.4,1365,68.25,100004800338,SY16-17,,145,,,,,,,,,,GD361,SD204
DE@SD205@GD362,Providence Creek,Providence creek Charter School,,,,,,,,,,,,,,10/1/2016,10,2016,687,,196,33,,,,,3467,,,,1417,,21,20,,BIC,,,,,,,DE,3467,173.35,1417,67.476190476,,SY16-17,,229,,,,,,,BIC,,,GD362,SD205
DE@SD214@GD363,Red Clay,Forest Oak Elementary,,,,,,,,,Y,,,,,10/1/2016,10,2016,746,,632,0,,,,,7936,,,,6055,,17,17,,GNG,,,,,,,DE,7936,466.823529412,6055,356.176470588,,SY16-17,,632,,,,,,,GNG,,,GD363,SD214
DE@SD216@GD363,Red Clay,Heritage Elementary,,,,,,,,,,,,,,10/1/2016,10,2016,645,,153,12,,,,,2537,,,,1412,,18,19,,GNG,,,,,,,DE,2537,133.526315789,1412,78.444444444,,SY16-17,,165,,,,,,,GNG,,,GD363,SD216
DE@SD217@GD363,Red Clay,Highlands Elementary,,,,,,,,,Y,,,,,10/1/2016,10,2016,311,,263,0,,,,,4210,,,,4051,,18,17,,GNG,,,,,,,DE,4210,247.647058824,4051,225.055555556,,SY16-17,,263,,,,,,,GNG,,,GD363,SD217
DE@SD218@GD363,Red Clay,Lewis Elementary,,,,,,,,,Y,,,,,10/1/2016,10,2016,465,,398,0,,,,,6350,,,,4207,,18,18,,GNG,,,,,,,DE,6350,352.777777778,4207,233.722222222,,SY16-17,,398,,,,,,,GNG,,,GD363,SD218
DE@SD227@GD363,Red Clay,Shortlidge Elementary,,,,,,,,,Y,,,,,10/1/2016,10,2016,444,,380,0,,,,,5705,,,,5502,,18,18,,GNG,,,,,,,DE,5705,316.944444444,5502,305.666666667,,SY16-17,,380,,,,,,,GNG,,,GD363,SD227
DE@SD219@GD363,Red Clay,Linden Hill Elementary,,,,,,,,,,,,,,10/1/2016,10,2016,584,,96,5,,,,,1375,,,,713,,18,19,,GNG,,,,,,,DE,1375,72.368421053,713,39.611111111,,SY16-17,,101,,,,,,,GNG,,,GD363,SD219
DE@SD208@GD363,Red Clay,Baltz Elementary,,,,,,,,,Y,,,,,10/1/2016,10,2016,605,,513,0,,,,,7893,,,,6571,,18,18,,GNG,,,,,,,DE,7893,438.5,6571,365.055555556,,SY16-17,,513,,,,,,,GNG,,,GD363,SD208
DE@SD225@GD363,Red Clay,Richardson Park Elem.*,,,,,,,,,Y,,,,,10/1/2016,10,2016,816,,691,0,,,,,9130,,,,8485,,17,18,,GNG,,,,,,,DE,9130,507.222222222,8485,499.117647059,,SY16-17,,691,,,,,,,GNG,,,GD363,SD225
DE@SD220@GD363,Red Clay,Marbrook Elementary,,,,,,,,,Y,,,,,10/1/2016,10,2016,460,,390,0,,,,,5790,,,,4468,,17,18,,GNG,,,,,,,DE,5790,321.666666667,4468,262.823529412,,SY16-17,,390,,,,,,,GNG,,,GD363,SD220
DE@SD226@GD363,Red Clay,Richey Elementary,,,,,,,,,Y,,,,,10/1/2016,10,2016,474,,401,0,,,,,5311,,,,4178,,17,17,,GNG,,,,,,,DE,5311,312.411764706,4178,245.764705882,,SY16-17,,401,,,,,,,GNG,,,GD363,SD226
DE@SD209@GD363,Red Clay,Brandywine Springs,,,,,,,,,,,,,,10/1/2016,10,2016,991,,168,17,,,,,2850,,,,822,,18,18,,GNG,,,,,,,DE,2850,158.333333333,822,45.666666667,,SY16-17,,185,,,,,,,GNG,,,GD363,SD209
DE@SD223@GD363,Red Clay,Mote Elementary,,,,,,,,,Y,,,,,10/1/2016,10,2016,453,,384,0,,,,,5437,,,,4092,,18,18,,GNG,,,,,,,DE,5437,302.055555556,4092,227.333333333,,SY16-17,,384,,,,,,,GNG,,,GD363,SD223
DE@SD230@GD363,Red Clay,Warner Elementary,,,,,,,,,Y,,,,,10/1/2016,10,2016,572,,485,0,,,,,6311,,,,5660,,17,18,,GNG,,,,,,,DE,6311,350.611111111,5660,332.941176471,,SY16-17,,485,,,,,,,GNG,,,GD363,SD230
DE@SD224@GD363,Red Clay,North Star Elementary,,,,,,,,,,,,,,10/1/2016,10,2016,702,,31,3,,,,,513,,,,88,,19,19,,GNG,,,,,,,DE,513,27,88,4.631578947,,SY16-17,,34,,,,,,,GNG,,,GD363,SD224
DE@SD231@GD363,Red Clay,Wm.Cooke Elementary,,,,,,,,,,,,,,10/1/2016,10,2016,617,,114,3,,,,,1542,,,,938,,18,18,,GNG,,,,,,,DE,1542,85.666666667,938,52.111111111,,SY16-17,,117,,,,,,,GNG,,,GD363,SD231
DE@SD206@GD363,Red Clay,A.I. duPont Middle,,,,,,,,,Y,,,,,10/1/2016,10,2016,515,,436,0,,,,,6885,,,,4797,,18,18,,GNG,,,,,,,DE,6885,382.5,4797,266.5,,SY16-17,,436,,,,,,,GNG,,,GD363,SD206
DE@SD215@GD363,Red Clay,H.B. duPont Middle,,,,,,,,,Y,,,,,10/1/2016,10,2016,868,,743,0,,,,,10156,,,,3021,,18,18,,GNG,,,,,,,DE,10156,564.222222222,3021,167.833333333,,SY16-17,,743,,,,,,,GNG,,,GD363,SD215
DE@SD228@GD363,Red Clay,Skyline Middle,,,,,,,,,Y,,,,,10/1/2016,10,2016,781,,662,0,,,,,8911,,,,5208,,18,17,,GNG,,,,,,,DE,8911,524.176470588,5208,289.333333333,,SY16-17,,662,,,,,,,GNG,,,GD363,SD228
DE@SD229@GD363,Red Clay,Stanton Middle,,,,,,,,,Y,,,,,10/1/2016,10,2016,772,,654,0,,,,,9950,,,,6062,,18,17,,GNG,,,,,,,DE,9950,585.294117647,6062,336.777777778,,SY16-17,,654,,,,,,,GNG,,,GD363,SD229
DE@SD212@GD363,Red Clay,"Conrad Sch,. Of Science",,,,,,,,,,,,,,10/1/2016,10,2016,896,,279,52,,,,,4822,,,,1530,,19,18,,GNG,,,,,,,DE,4822,267.888888889,1530,80.526315789,,SY16-17,,331,,,,,,,GNG,,,GD363,SD212
DE@SD213@GD363,Red Clay,Dickinson High,,,,,,,,,Y,,,,,10/1/2016,10,2016,888,,753,0,,,,,8541,,,,4729,,17,17,,GNG,,,,,,,DE,8541,502.411764706,4729,278.176470588,,SY16-17,,753,,,,,,,GNG,,,GD363,SD213
DE@SD207@GD363,Red Clay,A.I. High,,,,,,,,,Y,,,,,10/1/2016,10,2016,1120,,949,0,,,,,11478,,,,10709,,17,17,,GNG,,,,,,,DE,11478,675.176470588,10709,629.941176471,,SY16-17,,949,,,,,,,GNG,,,GD363,SD207
DE@SD221@GD363,Red Clay,McKean High,,,,,,,,,Y,,,,,10/1/2016,10,2016,879,,752,0,,,,,9039,,,,5626,,18,17,,GNG,,,,,,,DE,9039,531.705882353,5626,312.555555556,,SY16-17,,752,,,,,,,GNG,,,GD363,SD221
DE@SD210@GD363,Red Clay,Cab Calloway Sch. Of Arts,,,,,,,,,,,,,,10/1/2016,10,2016,973,,100,26,,,,,1769,,,,461,,18,18,,GNG,,,,,,,DE,1769,98.277777778,461,25.611111111,,SY16-17,,126,,,,,,,GNG,,,GD363,SD210
DE@SD211@GD363,Red Clay,Charter Sch. Of Wilm.,,,,,,,,,,,,,,10/1/2016,10,2016,917,,52,9,,,,,585,,,,210,,18,18,,GNG,,,,,,,DE,585,32.5,210,11.666666667,,SY16-17,,61,,,,,,,GNG,,,GD363,SD211
DE@SD222@GD363,Red Clay,Meadowood,,,,,,,,,Y,,,,,10/1/2016,10,2016,52,,44,0,,,,,423,,,,373,,18,18,,BIC,,,,,,,DE,423,23.5,373,20.722222222,,SY16-17,,44,,,,,,,BIC,,,GD363,SD222
DE@SD237@GD364,Seaford,West Seaford Elementary,,,,,,,,,Y,,,,,10/1/2016,10,2016,415,,99,0,,,,,6494,,,,6531,,19,20,,GNG,,,,,,,DE,6494,324.7,6531,343.736842105,,SY16-17,,99,,,,,,,GNG,,,GD364,SD237
DE@SD233@GD364,Seaford,Central Elementary,,,,,,,,,Y,,,,,10/1/2016,10,2016,454,,99,0,,,,,7605,,,,6429,,19,19,,GNG,,,,,,,DE,7605,400.263157895,6429,338.368421053,,SY16-17,,99,,,,,,,GNG,,,GD364,SD233
DE@SD232@GD364,Seaford,Blades Elementary,,,,,,,,,Y,,,,,10/1/2016,10,2016,487,,99,0,,,,,8016,,,,8289,,20,19,,BIC,,,,,,,DE,8016,421.894736842,8289,414.45,,SY16-17,,99,,,,,,,BIC,,,GD364,SD232
DE@SD234@GD364,Seaford,Frederick Douglas Elem,,,,,,,,,Y,,,,,10/1/2016,10,2016,461,,99,0,,,,,8019,,,,7311,,20,20,,BIC,,,,,,,DE,8019,400.95,7311,365.55,,SY16-17,,99,,,,,,,BIC,,,GD364,SD234
DE@SD236@GD364,Seaford,Seaford Middle School,,,,,,,,,Y,,,,,10/1/2016,10,2016,814,,99,0,,,,,14291,,,,10621,,19,19,,GNG,,,,,,,DE,14291,752.157894737,10621,559,,SY16-17,,99,,,,,,,GNG,,,GD364,SD236
DE@SD235@GD364,Seaford,Seaford High School,,,,,,,,,Y,,,,,10/1/2016,10,2016,890,,99,0,,,,,13803,,,,13198,,19,20,,BIC,,,,,,,DE,13803,690.15,13198,694.631578947,,SY16-17,,99,,,,,,,BIC,,,GD364,SD235
DE@SD240@GD365,Silver Lake,Silver Lake Center,,,,,,,,,,,,,,10/1/2016,10,2016,1,,1,0,,,,,21,,,,,,0,11,,,,,,,,,DE,21,1.909090909,,,,SY16-17,,1,,,,,,,,,,GD365,SD240
DE@SD239@GD365,Silver Lake,Odessa House,,,,,,,,,,,,,,10/1/2016,10,2016,4,,4,0,,,,,84,,,,84,,21,21,,,,,,,,,DE,84,4,84,4,,SY16-17,,4,,,,,,,,,,GD365,SD239
DE@SD238@GD365,Silver Lake,Middletown RTC,,,,,,,,,,,,,,10/1/2016,10,2016,8,,8,0,,,,,168,,,,168,,21,21,,,,,,,,,DE,168,8,168,8,,SY16-17,,8,,,,,,,,,,GD365,SD238
DE@SD246@GD366,Smyrna,Smyrna High School,,,,,,,,,,,,,,10/1/2016,10,2016,1445,,480,84,,,,,9360,,,,2269,,20,19,,,,,,,,,DE,9360,492.631578947,2269,113.45,,SY16-17,,564,,,,,,,,,,GD366,SD246
DE@SD247@GD366,Smyrna,Smyrna Middle School,,,,,,,,,,,,,,10/1/2016,10,2016,920,,306,61,,,,,7438,,,,2021,,20,20,,,,,,,,,DE,7438,371.9,2021,101.05,,SY16-17,,367,,,,,,,,,,GD366,SD247
DE@SD243@GD366,Smyrna,JBM Intermediate,,,,,,,,,Y,,,,,10/1/2016,10,2016,403,,262,0,,,,,4588,,,,2893,,19,20,,,,,,,,,DE,4588,229.4,2893,152.263157895,,SY16-17,,262,,,,,,,,,,GD366,SD243
DE@SD242@GD366,Smyrna,Clayton Intermediate,,,,,,,,,,,,,,10/1/2016,10,2016,494,,153,31,,,,,3341,,,,1055,,20,19,,,,,,,,,DE,3341,175.842105263,1055,52.75,,SY16-17,,184,,,,,,,,,,GD366,SD242
DE@SD244@GD366,Smyrna,North Smyrna Elementary,,,,,,,,,Y,,,,,10/1/2016,10,2016,439,,285,0,,,,,4925,,,,4509,,20,20,,GNG,,,,,,,DE,4925,246.25,4509,225.45,,SY16-17,,285,,,,,,,GNG,,,GD366,SD244
DE@SD245@GD366,Smyrna,Smyrna Elementary,,,,,,,,,Y,,,,,10/1/2016,10,2016,582,,378,0,,,,,5825,,,,3885,,20,19,,,,,,,,,DE,5825,306.578947368,3885,194.25,,SY16-17,,378,,,,,,,,,,GD366,SD245
DE@SD241@GD366,Smyrna,Clayton Elementary,,,,,,,,,,,,,,10/1/2016,10,2016,453,,151,21,,,,,2814,,,,995,,20,20,,,,,,,,,DE,2814,140.7,995,49.75,,SY16-17,,172,,,,,,,,,,GD366,SD241
DE@SD248@GD366,Smyrna,Sunnyside Elementary,,,,,,,,,,,,,,10/1/2016,10,2016,586,,195,35,,,,,4121,,,,1676,,19,19,,,,,,,,,DE,4121,216.894736842,1676,88.210526316,,SY16-17,,230,,,,,,,,,,GD366,SD248
DE@SD249@GD367,Sussex Academy,Sussex Academy,,,,,,,,,,,,,,10/1/2016,10,2016,687,,101,20,,,,,737,,,,0,,20,20,,,,,,,,,DE,737,36.85,0,0,100001100091,SY16-17,,121,,,,,,,,,,GD367,SD249
DE@SD250@GD368,Sussex Tech,Sussex Tech HS,,,,,,,,,,,,,,10/1/2016,10,2016,1351,,311,52,,,,,5535,,,,2329,,19,19,,,,,,,,,DE,5535,291.315789474,2329,122.578947368,,SY16-17,,363,,,,,,,,,,GD368,SD250
DE@SD251@GD369,Tarbiyah,Tarbiyah School,,,,,,,,,,,,,,10/1/2016,10,2016,150,,120,0,,,,,2277,,,,1173,,20,20,,,,,,,,,DE,2277,113.85,1173,58.65,,SY16-17,,120,,,,,,,,,,GD369,SD251
DE@SD252@GD370,Terry Center,TERRY CENTER,,,,,,,,,,,,,,10/1/2016,10,2016,20,,20,0,,,,,482,,,,415,,31,30,,,,,,,,,DE,482,16.066666667,415,13.387096774,,SY16-17,,20,,,,,,,,,,GD370,SD252
DE@SD253@GD371,Thomas Edison,Thomas Edison Charter,,,,,,,,,,,,,,10/1/2016,10,2016,738,,738,0,,,,,12948,,,,10667,,20,20,,BIC,,,,,,,DE,12948,647.4,10667,533.35,,SY16-17,,738,,,,,,,BIC,,,GD371,SD253
DE@SD254@GD372,Woodbridge,Early Childhood Education,,,,,,,,,,,,,,10/1/2016,10,2016,653,,575,0,,,,,8435,,,,6556,,20,19,,,,,,,,,DE,8435,443.947368421,6556,327.8,,SY16-17,,575,,,,,,,,,,GD372,SD254
DE@SD255@GD372,Woodbridge,Phillis Wheatley Elementary,,,,,,,,,,,,,,10/1/2016,10,2016,642,,565,0,,,,,9591,,,,9053,,19,20,,,,,,,,,DE,9591,479.55,9053,476.473684211,,SY16-17,,565,,,,,,,,,,GD372,SD255
DE@SD257@GD372,Woodbridge,Woodbridge Middle School,,,,,,,,,,,,,,10/1/2016,10,2016,628,,553,0,,,,,9641,,,,6448,,19,20,,,,,,,,,DE,9641,482.05,6448,339.368421053,,SY16-17,,553,,,,,,,,,,GD372,SD257
DE@SD256@GD372,Woodbridge,Woodbridge High School,,,,,,,,,,,,,,10/1/2016,10,2016,716,,631,0,,,,,10442,,,,4579,,19,20,,,,,,,,,DE,10442,522.1,4579,241,,SY16-17,,631,,,,,,,,,,GD372,SD256
